{
  "status": "ok",
  "n_fit_samples": 1316,
  "n_features": 12,
  "explained_variance_ratio": 0.9999999999999954,
  "components": [
    0.0,
    0.0,
    -0.0,
    -0.0,
    -0.0,
    -0.0,
    0.4472135954999579,
    -0.0,
    0.4472135954999579,
    0.4472135954999579,
    0.4472135954999579,
    0.4472135954999579
  ],
  "mean": [
    0.0,
    100.0,
    0.0,
    0.0,
    0.0,
    0.0,
    41.65904588212779,
    100.0,
    41.65904588212779,
    41.65904588212779,
    41.65904588212779,
    41.65904588212779
  ]
}