trajectory_id,scene_id,task_name,Q_score,Q_completeness,Q_accuracy,Q_diversity,Q_consistency,Q_usability
ff3cd4d8b3234a89bececbd6dd1eb0a4,S3,single_item_grasp,0.7000000000006926,0.6666666666669874,0.6666666666666666,0.9999999999999999,0.6666666666669874,1.0
ffedcab981ba4f19b105c7ce20c346ba,S3,single_item_grasp,0.300000000001616,0.3333333333339745,0.3333333333333333,8.65607585600754e-12,0.3333333333339745,1.0
